{"cameraMode":{"drawMode":0,"name":"Shaded","section":"Shading Mode"},"sceneLighting":true,"audioPlay":false,"sceneViewState":{"m_AlwaysRefresh":false,"showFog":true,"showSkybox":true,"showFlares":true,"showImageEffects":true,"showParticleSystems":true,"showVisualEffectGraphs":true,"m_FxEnabled":false},"in2DMode":false,"pivot":{"x":0.22132837772369386,"y":-1.1793527603149415,"z":6.051913261413574},"rotation":{"x":0.13603681325912476,"y":-0.023774420842528344,"z":0.003265535458922386,"w":0.9904115200042725},"size":6.094581604003906,"orthographic":false}